pemmdb_carrier,pemmdb_type,pemmdb_hydro_inflows,pecd_carrier,investment_dataset_carrier,tyndp_dashboard_carrier,tyndp_report_carrier,cba_storage_technology,open_tyndp_carrier,open_tyndp_index,open_tyndp_nice_name,benchmarking_capacity,benchmarking_generation,benchmarking_fed,benchmarking_elec_demand,benchmarking_ch4_demand,benchmarking_h2_demand,benchmarking_ch4_supply,benchmarking_h2_supply,benchmarking_biomass_supply,benchmarking_energy_imports,benchmarking_prices,benchmarking_shed_hours,open_tyndp_type,pypsa_eur_carrier,comment
Solar,Photovoltaic e-market,,Solar PV Utility,Solar PV Utility,Solar (Photovoltaic),Solar,,solar-pv-utility,solar-pv-utility,Solar PV (Utility),solar,solar,,,,,,,,,,,solar-pv-utility,,
Solar,Rooftop,,Solar PV Rooftop,Solar PV Rooftop,Solar (Photovoltaic),Solar,,solar-pv-rooftop,solar-pv-rooftop,Solar PV (Rooftop),solar,solar,,,,,,,,,,,solar-pv-rooftop,,
,,,,,,,,,,,solar,solar,,,,,,,,,,,,,
Solar,Photovoltaic dedicated,,Solar PV Utility,,Solar (Photovoltaic),Solar,,solar-pv-utility,solar-pv-utility-dres,Solar PV (Utility-DRES),solar,solar,,,,,,,,,,,solar-pv-utility-dres,,
Solar,Photovoltaic Shared RES - H2Z1,,Solar PV Utility,,SRES Solar PV,SRES Electricity,,solar-pv-utility,solar-pv-utility-sres-h2z1,Solar PV (Utility-SRES),sres electricity,sres electricity,,,,,,,,,,,solar-pv-utility-sres,,
Solar,Photovoltaic Shared RES - H2Z2,,Solar PV Utility,,SRES Solar PV,SRES Electricity,,solar-pv-utility,solar-pv-utility-sres-h2z2,Solar PV (Utility-SRES),sres electricity,sres electricity,,,,,,,,,,,solar-pv-utility-sres,,
Solar,Thermal Solar,,CSP_noStorage,,Solar (Thermal),,,solar-thermal,solar-thermal,Solar Thermal,solar thermal,solar thermal,,,,,,,,,,,solar-thermal,,
Solar,Solar Thermal with Storage,,CSP_withStorage,,,,,solar-thermal-w-storage,solar-thermal-w-storage,Solar Thermal,solar thermal,solar thermal,,,,,,,,,,,solar-thermal-w-storage,,
Solar,Solar Thermal with Storage - Storage,,CSP_withStorage,,,,,solar-thermal-w-storage,solar-thermal-w-storage-storage,Solar Thermal,solar thermal,solar thermal,,,,,,,,,,,solar-thermal-w-storage-storage,,
Wind,Onshore wind e-market,,Wind_Onshore,Wind Onshore,Wind Onshore,Wind Onshore,,onwind,onwind,Onshore Wind,wind onshore,wind onshore,,,,,,,,,,,onwind,,
Wind,Onshore wind dedicated,,Wind_Onshore,,Wind Onshore,Wind Onshore,,onwind,onwind-dres,Onshore Wind (DRES),wind onshore,wind onshore,,,,,,,,,,,onwind-dres,,
Wind,Onshore wind Shared RES - H2Z1,,Wind_Onshore,,SRES Onshore Wind,SRES Electricity,,onwind,onwind-sres-h2z1,Onshore Wind (SRES),sres electricity,sres electricity,,,,,,,,,,,onwind-sres,,
Wind,Onshore wind Shared RES - H2Z2,,Wind_Onshore,,SRES Onshore Wind,SRES Electricity,,onwind,onwind-sres-h2z2,Onshore Wind (SRES),sres electricity,sres electricity,,,,,,,,,,,onwind-sres,,
,,,Wind_Offshore,,Wind Offshore,Wind Offshore,,offwind,offwind,Offshore Wind,wind offshore,wind offshore,,,,,,,,,,,offwind,,"only used w/o offshore hubs; 2024 topology, outdated, to be deprecated"
,,,Wind_Offshore,,Wind Offshore,Wind Offshore,,offwind-ac-fb-r,offwind-ac-fb-r,Offshore Wind (AC),wind offshore,wind offshore,,,,,,,,,,,offwind-ac-fb-r,,"only used with offshore hubs; 2024 topology, outdated, to be deprecated"
,,,Wind_Offshore,,Wind Offshore,Wind Offshore,,offwind-ac-fl-r,offwind-ac-fl-r,Offshore Wind (AC Float.),wind offshore,wind offshore,,,,,,,,,,,offwind-ac-fl-r,,"only used with offshore hubs; 2024 topology, outdated, to be deprecated"
,,,Wind_Offshore,,Wind Offshore,Wind Offshore,,offwind-dc-fb-r,offwind-dc-fb-r,Offshore Wind (DC),wind offshore,wind offshore,,,,,,,,,,,offwind-dc-fb-r,,"only used with offshore hubs; 2024 topology, outdated, to be deprecated"
,,,Wind_Offshore,,Wind Offshore,Wind Offshore,,offwind-dc-fl-r,offwind-dc-fl-r,Offshore Wind (DC Float.),wind offshore,wind offshore,,,,,,,,,,,offwind-dc-fl-r,,"only used with offshore hubs; 2024 topology, outdated, to be deprecated"
,,,Wind_Offshore,,Wind Offshore,Wind Offshore,,offwind-dc-fb-oh,offwind-dc-fb-oh,Offshore Wind (DC OH),wind offshore,wind offshore,,,,,,,,,,,offwind-dc-fb-oh,,"only used with offshore hubs; 2024 topology, outdated, to be deprecated"
,,,Wind_Offshore,,Wind Offshore,Wind Offshore,,offwind-dc-fl-oh,offwind-dc-fl-oh,Offshore Wind (DC Float. OH),wind offshore,wind offshore,,,,,,,,,,,offwind-dc-fl-oh,,"only used with offshore hubs; 2024 topology, outdated, to be deprecated"
,,,Wind_Offshore,,Wind Offshore,Wind Offshore,,offwind-h2-fb-oh,offwind-h2-fb-oh,Offshore Wind (H2 OH),wind offshore,wind offshore,,,,,,,,,,,offwind-h2-fb-oh,,"only used with offshore hubs; 2024 topology, outdated, to be deprecated"
,,,Wind_Offshore,,Wind Offshore,Wind Offshore,,offwind-h2-fl-oh,offwind-h2-fl-oh,Offshore Wind (H2 Float. OH),wind offshore,wind offshore,,,,,,,,,,,offwind-h2-fl-oh,,"only used with offshore hubs; 2024 topology, outdated, to be deprecated"
Wind,Offshore wind e-market - hub ready,,Wind_Offshore,,Wind Offshore,Wind Offshore,,offwind,offwind-oh,Offshore Wind (Hub Ready),wind offshore,wind offshore,,,,,,,,,,,offwind-oh,,
Wind,Offshore wind dedicated - hub ready,,Wind_Offshore,,Wind Offshore,Wind Offshore,,offwind,offwind-dres-oh,Offshore Wind (DRES Hub Ready),wind offshore,wind offshore,,,,,,,,,,,offwind-dres-oh,,
Wind,Offshore wind Shared RES - H2Z1 - hub ready,,Wind_Offshore,,SRES Offshore Wind,SRES Electricity,,offwind,offwind-sres-h2z1-oh,Offshore Wind (SRES Hub Ready),sres electricity,sres electricity,,,,,,,,,,,offwind-sres-oh,,
Wind,Offshore wind Shared RES - H2Z2 - hub ready,,Wind_Offshore,,SRES Offshore Wind,SRES Electricity,,offwind,offwind-sres-h2z2-oh,Offshore Wind (SRES Hub Ready),sres electricity,sres electricity,,,,,,,,,,,offwind-sres-oh,,
Wind,Offshore wind e-market - radial,,Wind_Offshore,,Wind Offshore,Wind Offshore,,offwind,offwind-r,Offshore Wind (Radial),wind offshore,wind offshore,,,,,,,,,,,offwind-r,,
Wind,Offshore wind dedicated - radial,,Wind_Offshore,,Wind Offshore,Wind Offshore,,offwind,offwind-dres-r,Offshore Wind (DRES Radial),wind offshore,wind offshore,,,,,,,,,,,offwind-dres-r,,
Wind,Offshore wind Shared RES - H2Z1 - radial,,Wind_Offshore,,SRES Offshore Wind,SRES Electricity,,offwind,offwind-sres-h2z1-r,Offshore Wind (SRES Radial),sres electricity,sres electricity,,,,,,,,,,,offwind-sres-r,,
Wind,Offshore wind Shared RES - H2Z2 - radial,,Wind_Offshore,,SRES Offshore Wind,SRES Electricity,,offwind,offwind-sres-h2z2-r,Offshore Wind (SRES Radial),sres electricity,sres electricity,,,,,,,,,,,offwind-sres-r,,
Hydro,Run of River - Turbine,Run_of_River,,,Run-of-River,Hydro and pumped storage,,hydro-ror,hydro-ror,Run of River,hydro and pumped storage,hydro (exc. pump storage),,,,,,,,,,,hydro-ror-turbine,,
Hydro,Pondage - Reservoir,Pondage,,,,,,hydro-pondage,hydro-pondage-reservoir,Hydro Pondage (Reservoir),,,,,,,,,,,,,hydro-pondage-reservoir,,
Hydro,Pondage - Turbine,Pondage,,,Pondage,Hydro and pumped storage,,hydro-pondage,hydro-pondage,Hydro Pondage,hydro and pumped storage,hydro (exc. pump storage),,,,,,,,,,,hydro-pondage-turbine,,
Hydro,Reservoir - Reservoir,Reservoir,,,,,,hydro-reservoir,hydro-reservoir-reservoir,Reservoir & Dam (Reservoir),,,,,,,,,,,,,hydro-reservoir-reservoir,,
Hydro,Reservoir - Turbine,Reservoir,,,Reservoir,Hydro and pumped storage,,hydro-reservoir,hydro-reservoir,Reservoir & Dam,hydro and pumped storage,hydro (exc. pump storage),,,,,,,,,,,hydro-reservoir-turbine,,
Hydro,Pump Storage - Reservoir,PS_Open,,,,,HydroPumpedStorage,hydro-phs,hydro-phs-reservoir,Pumped Hydro (Reservoir),,,,,,,,,,,,,hydro-phs-reservoir,,
Hydro,Pump Storage - Turbine,PS_Open,,,Pump Storage - Open Loop (turbine),Hydro and pumped storage,,hydro-phs,hydro-phs-turbine,Pumped Hydro,hydro and pumped storage,,,,,,,,,,,,hydro-phs-turbine,,
,,,,,,,,hydro-phs,,Pumped Hydro Open,hydro and pumped storage,,,,,,,,,,,,,,
Hydro,Pump Storage - Pump,PS_Open,,,Pump Storage - Open Loop (pump),,,hydro-phs,hydro-phs-pump,Pumped Hydro,hydro and pumped storage (load),,,,,,,,,,,,hydro-phs-pump,,
,,,,,,,,hydro-phs-inflows,,Pumped Hydro (Inflows),,,,,,,,,,,,,,,
Hydro,Pure Pump Storage - Reservoir,PS_Closed,,,,,,hydro-phs-pure,hydro-phs-pure-reservoir,Pumped Hydro (Reservoir),,,,,,,,,,,,,hydro-phs-pure-reservoir,,
Hydro,Pure Pump Storage - Turbine,PS_Closed,,,Pump Storage - Closed Loop (turbine),Hydro and pumped storage,,hydro-phs-pure,hydro-phs-pure-turbine,Pumped Hydro,hydro and pumped storage,,,,,,,,,,,,hydro-phs-pure-turbine,,
,,,,,,,,hydro-phs-pure,,Pumped Hydro Closed,hydro and pumped storage,,,,,,,,,,,,,,
Hydro,Pure Pump Storage - Pump,PS_Closed,,,Pump Storage - Closed Loop (pump),,,hydro-phs-pure,hydro-phs-pure-pump,Pumped Hydro,hydro and pumped storage (load),,,,,,,,,,,,hydro-phs-pure-pump,,
Other RES,Small Biomass,,,,Others renewable,Other RES,,other-res,other-res-biomass,Other Renewables,other res,other res,,,,,,,for electricity,,,,other-res-biomass,,
Other RES,"Geothermal, Marine, Waste and Not Defined",,,,Others renewable,Other RES,,other-res,other-res-mix,Other Renewables,other res,other res,,,,,,,,,,,other-res-mix,,
,,,,,,Other RES,,,,,,other res,,,,,,,,,,,,,The TYNDP 2024 Scenarios Report maps Other RES capacities as 'Small Scale RES' and Other RES generation as 'Other RES'
Gas,Conventional old 1,,,,Gas conventional old 1,Natural Gas,,gas,gas-conv-old1,Gas Conventional,methane (incl. biofuels),methane (incl. biofuels),,,power generation,,,,,,,,gas-conv,OCGT,Methane demand benchmark
Gas,Conventional old 2,,,,Gas conventional old 2,Natural Gas,,gas,gas-conv-old2,Gas Conventional,methane (incl. biofuels),methane (incl. biofuels),,,power generation,,,,,,,,gas-conv,OCGT,Methane demand benchmark
Gas,CCGT old 1,,,,Gas CCGT old 1,Natural Gas,,gas,gas-ccgt-old1,Gas CCGT,methane (incl. biofuels),methane (incl. biofuels),,,power generation,,,,,,,,gas-ccgt,CCGT,Methane demand benchmark
Gas,CCGT old 2,,,,Gas CCGT old 2,Natural Gas,,gas,gas-ccgt-old2,Gas CCGT,methane (incl. biofuels),methane (incl. biofuels),,,power generation,,,,,,,,gas-ccgt,CCGT,Methane demand benchmark
Gas,CCGT new,,,,Gas CCGT new,Natural Gas,,gas,gas-ccgt-new,Gas CCGT,methane (incl. biofuels),methane (incl. biofuels),,,power generation,,,,,,,,gas-ccgt,CCGT,Methane demand benchmark
Gas,CCGT CCS,,,,Gas CCGT CCS,Natural Gas,,gas,gas-ccgt-ccs,Gas CCGT (CCS),methane (incl. biofuels),methane (incl. biofuels),,,power generation,,,,,,,,gas-ccgt-ccs,,Methane demand benchmark
Gas,OCGT old,,,,Gas OCGT old,Natural Gas,,gas,gas-ocgt-old,Gas OCGT,methane (incl. biofuels),methane (incl. biofuels),,,power generation,,,,,,,,gas-ocgt,OCGT,Methane demand benchmark
Gas,OCGT new,,,,Gas OCGT new,Natural Gas,,gas,gas-ocgt-new,Gas OCGT,methane (incl. biofuels),methane (incl. biofuels),,,power generation,,,,,,,,gas-ocgt,OCGT,Methane demand benchmark
Gas,CCGT present 1,,,,Gas CCGT present 1,Natural Gas,,gas,gas-ccgt-present1,Gas CCGT,methane (incl. biofuels),methane (incl. biofuels),,,power generation,,,,,,,,gas-ccgt,CCGT,Methane demand benchmark
Gas,CCGT present 2,,,,Gas CCGT present 2,Natural Gas,,gas,gas-ccgt-present2,Gas CCGT,methane (incl. biofuels),methane (incl. biofuels),,,power generation,,,,,,,,gas-ccgt,CCGT,Methane demand benchmark
,,,,,,Natural Gas,,,,,methane (incl. biofuels),methane (incl. biofuels),,,power generation,,,,,,,,,,
Nuclear,Nuclear,,,Nuclear,Nuclear,Nuclear,,uranium,nuclear,Nuclear,nuclear,nuclear,,,,,,,,,,,nuclear,nuclear,
Hard coal,old 1,,,,Hard coal old 1,Coal,,coal,coal-old1,Coal,coal + other fossil (incl. biofuels),coal + other fossil (incl. biofuels),,,,,,,,,,,coal,coal,
Hard coal,old 2,,,,Hard coal old 2,Coal,,coal,coal-old2,Coal,coal + other fossil (incl. biofuels),coal + other fossil (incl. biofuels),,,,,,,,,,,coal,coal,
Hard coal,new,,,,Hard coal new,Coal,,coal,coal-new,Coal,coal + other fossil (incl. biofuels),coal + other fossil (incl. biofuels),,,,,,,,,,,coal,coal,
Hard coal,CCS,,,,,Coal,,coal,coal-ccs,Coal (CCS),coal + other fossil (incl. biofuels),coal + other fossil (incl. biofuels),,,,,,,,,,,coal-ccs,,
Lignite,old 1,,,,Lignite old 1,Coal,,lignite,lignite-old1,Lignite,coal + other fossil (incl. biofuels),coal + other fossil (incl. biofuels),,,,,,,,,,,lignite,lignite,
Lignite,old 2,,,,Lignite old 2,Coal,,lignite,lignite-old2,Lignite,coal + other fossil (incl. biofuels),coal + other fossil (incl. biofuels),,,,,,,,,,,lignite,lignite,
Lignite,new,,,,Lignite new,Coal,,lignite,lignite-new,Lignite,coal + other fossil (incl. biofuels),coal + other fossil (incl. biofuels),,,,,,,,,,,lignite,lignite,
Lignite,CCS,,,,,Coal,,lignite,lignite-ccs,Lignite (CCS),coal + other fossil (incl. biofuels),coal + other fossil (incl. biofuels),,,,,,,,,,,lignite-ccs,,
Light oil,Light oil,,,,Light oil,Oil,,oil-light,oil-light,Oil (Light),oil (incl. biofuels),oil (incl. biofuels),,,,,,,,,,,oil-light,oil,"PyPSA-Eur does not explicitly differentiate light, heavy and shale oil"
Heavy oil,old 1,,,,Heavy oil old 1,Oil,,oil-heavy,oil-heavy-old1,Oil (Heavy),oil (incl. biofuels),oil (incl. biofuels),,,,,,,,,,,oil-heavy,oil,"PyPSA-Eur does not explicitly differentiate light, heavy and shale oil"
Heavy oil,old 2,,,,Heavy oil old 2,Oil,,oil-heavy,oil-heavy-old2,Oil (Heavy),oil (incl. biofuels),oil (incl. biofuels),,,,,,,,,,,oil-heavy,oil,"PyPSA-Eur does not explicitly differentiate light, heavy and shale oil"
Oil shale,old,,,,,Oil,,oil-shale,oil-shale-old,Oil (Shale),oil (incl. biofuels),oil (incl. biofuels),,,,,,,,,,,oil-shale,oil,"PyPSA-Eur does not explicitly differentiate light, heavy and shale oil"
Oil shale,new,,,,,Oil,,oil-shale,oil-shale-new,Oil (Shale),oil (incl. biofuels),oil (incl. biofuels),,,,,,,,,,,oil-shale,oil,"PyPSA-Eur does not explicitly differentiate light, heavy and shale oil"
,,,,,,Crude Oil,,,,,,oil (incl. biofuels),,,,,,,,,,,,,The TYNDP 2026 Scenarios Report maps Oil capacities as 'Oil' and Oil generation as 'Crude Oil'
Other Non-RES Gas,conventional old 1,,,,Others non-renewable,Other non RES,,gas,other-non-res-gas-conv-old1,Other Non-Renewables,other non-res,other non-res,,,power generation,,,,,,,,other-non-res-gas-conv,OCGT,Methane demand benchmark
Other Non-RES Gas,conventional old 2,,,,Others non-renewable,Other non RES,,gas,other-non-res-gas-conv-old2,Other Non-Renewables,other non-res,other non-res,,,power generation,,,,,,,,other-non-res-gas-conv,OCGT,Methane demand benchmark
Other Non-RES Gas,ccgt old 1,,,,Others non-renewable,Other non RES,,gas,other-non-res-gas-ccgt-old1,Other Non-Renewables,other non-res,other non-res,,,power generation,,,,,,,,other-non-res-gas-ccgt,CCGT,Methane demand benchmark
Other Non-RES Gas,ccgt old 2,,,,Others non-renewable,Other non RES,,gas,other-non-res-gas-ccgt-old2,Other Non-Renewables,other non-res,other non-res,,,power generation,,,,,,,,other-non-res-gas-ccgt,CCGT,Methane demand benchmark
Other Non-RES Gas,ccgt new,,,,Others non-renewable,Other non RES,,gas,other-non-res-gas-ccgt-new,Other Non-Renewables,other non-res,other non-res,,,power generation,,,,,,,,other-non-res-gas-ccgt,CCGT,Methane demand benchmark
Other Non-RES Gas,ccgt ccs,,,,Others non-renewable,Other non RES,,gas,other-non-res-gas-ccgt-ccs,Other Non-Renewables,other non-res,other non-res,,,power generation,,,,,,,,other-non-res-gas-ccgt-ccs,,Methane demand benchmark
Other Non-RES Gas,ocgt old,,,,Others non-renewable,Other non RES,,gas,other-non-res-gas-ocgt-old,Other Non-Renewables,other non-res,other non-res,,,power generation,,,,,,,,other-non-res-gas-ocgt,OCGT,Methane demand benchmark
Other Non-RES Gas,ocgt new,,,,Others non-renewable,Other non RES,,gas,other-non-res-gas-ocgt-new,Other Non-Renewables,other non-res,other non-res,,,power generation,,,,,,,,other-non-res-gas-ocgt,OCGT,Methane demand benchmark
Other Non-RES Gas,ccgt present 1,,,,Others non-renewable,Other non RES,,gas,other-non-res-gas-ccgt-present1,Other Non-Renewables,other non-res,other non-res,,,power generation,,,,,,,,other-non-res-gas-ccgt,CCGT,Methane demand benchmark
Other Non-RES Gas,ccgt present 2,,,,Others non-renewable,Other non RES,,gas,other-non-res-gas-ccgt-present2,Other Non-Renewables,other non-res,other non-res,,,power generation,,,,,,,,other-non-res-gas-ccgt,CCGT,Methane demand benchmark
Other Non-RES Hard coal,old 1,,,,Others non-renewable,Other non RES,,coal,other-non-res-coal-old1,Other Non-Renewables,other non-res,other non-res,,,,,,,,,,,other-non-res-coal,coal,
Other Non-RES Hard coal,old 2,,,,Others non-renewable,Other non RES,,coal,other-non-res-coal-old2,Other Non-Renewables,other non-res,other non-res,,,,,,,,,,,other-non-res-coal,coal,
Other Non-RES Hard coal,new,,,,Others non-renewable,Other non RES,,coal,other-non-res-coal-new,Other Non-Renewables,other non-res,other non-res,,,,,,,,,,,other-non-res-coal,coal,
Other Non-RES Hard coal,ccs,,,,Others non-renewable,Other non RES,,coal,other-non-res-coal-ccs,Other Non-Renewables,other non-res,other non-res,,,,,,,,,,,other-non-res-coal-ccs,,
Other Non-RES Lignite,old 1,,,,Others non-renewable,Other non RES,,lignite,other-non-res-lignite-old1,Other Non-Renewables,other non-res,other non-res,,,,,,,,,,,other-non-res-lignite,lignite,
Other Non-RES Lignite,old 2,,,,Others non-renewable,Other non RES,,lignite,other-non-res-lignite-old2,Other Non-Renewables,other non-res,other non-res,,,,,,,,,,,other-non-res-lignite,lignite,
Other Non-RES Lignite,new,,,,Others non-renewable,Other non RES,,lignite,other-non-res-lignite-new,Other Non-Renewables,other non-res,other non-res,,,,,,,,,,,other-non-res-lignite,lignite,
Other Non-RES Lignite,ccs,,,,Others non-renewable,Other non RES,,lignite,other-non-res-lignite-ccs,Other Non-Renewables,other non-res,other non-res,,,,,,,,,,,other-non-res-lignite-ccs,,
Other Non-RES Light oil,light oil,,,,Others non-renewable,Other non RES,,oil-light,other-non-res-oil-light,Other Non-Renewables,other non-res,other non-res,,,,,,,,,,,other-non-res-oil-light,oil,"PyPSA-Eur does not explicitly differentiate light, heavy and shale oil; PEMMDB gives no plant type ('-') for this carrier"
Other Non-RES Heavy oil,old 1,,,,Others non-renewable,Other non RES,,oil-heavy,other-non-res-oil-heavy-old1,Other Non-Renewables,other non-res,other non-res,,,,,,,,,,,other-non-res-oil-heavy,oil,"PyPSA-Eur does not explicitly differentiate light, heavy and shale oil"
Other Non-RES Heavy oil,old 2,,,,Others non-renewable,Other non RES,,oil-heavy,other-non-res-oil-heavy-old2,Other Non-Renewables,other non-res,other non-res,,,,,,,,,,,other-non-res-oil-heavy,oil,"PyPSA-Eur does not explicitly differentiate light, heavy and shale oil"
Other Non-RES Shale oil,old,,,,Others non-renewable,Other non RES,,oil-shale,other-non-res-oil-shale-old,Other Non-Renewables,other non-res,other non-res,,,,,,,,,,,other-non-res-oil-shale,oil,"PyPSA-Eur does not explicitly differentiate light, heavy and shale oil"
Other Non-RES Shale oil,new,,,,Others non-renewable,Other non RES,,oil-shale,other-non-res-oil-shale-new,Other Non-Renewables,other non-res,other non-res,,,,,,,,,,,other-non-res-oil-shale,oil,"PyPSA-Eur does not explicitly differentiate light, heavy and shale oil"
Other Non-RES Hydrogen,ccgt,,,,Others non-renewable,Other non RES,,h2-ccgt,other-non-res-h2-ccgt,Other Non-Renewables,other non-res,other non-res,,,,power generation,,,,,,,other-non-res-h2-ccgt,,
Other Non-RES Hydrogen,ocgt,,,,Others non-renewable,Other non RES,,h2-ocgt,other-non-res-h2-ocgt,Other Non-Renewables,other non-res,other non-res,,,,power generation,,,,,,,other-non-res-h2-ocgt,,
Hydrogen,Fuel Cell,,,,Hydrogen Fuel Cell,Hydrogen,,h2-fuel-cell,h2-fuel-cell,H2 Fuel Cell,hydrogen,hydrogen,,,,power generation,,,,,,,h2-fuel-cell,,Hydrogen demand benchmark
Hydrogen,CCGT,,,,Hydrogen CCGT,Hydrogen,,h2-ccgt,h2-ccgt,H2 CCGT,hydrogen,hydrogen,,,,power generation,,,,,,,h2-ccgt,,Hydrogen demand benchmark
Hydrogen,OCGT,,,,Hydrogen OCGT,Hydrogen,,h2-ocgt,h2-ocgt,H2 OCGT,hydrogen,hydrogen,,,,power generation,,,,,,,h2-ocgt,,Hydrogen demand benchmark
,,,,Electrolyzers,,P2G,,H2 Electrolysis,H2 Electrolysis,H2 Electrolysis,,,,,,,,p2g,,,,,electrolyser-onshore-grid,,"Hydrogen supply benchmark; 2024 topology, outdated, to be deprecated"
Electrolyser,Electrolyser e-market Z1,,,Electrolyzers,Electrolyzers P2G,P2G,,H2 Electrolysis,H2 Electrolysis Z1,H2 Electrolysis,,,,,,,,p2g,,,,,h2-electrolysis,,
Electrolyser,Electrolyser e-market Z2,,,Electrolyzers,Electrolyzers P2G,P2G,,H2 Electrolysis,H2 Electrolysis Z2,H2 Electrolysis,,,,,,,,p2g,,,,,h2-electrolysis,,
Electrolyser,Electrolyser Shared RES Z1,,,Electrolyzers,SRES,P2G,,H2 Electrolysis,H2 Electrolysis SRES Z1,H2 Electrolysis SRES,,,,,,,,p2g,,,,,h2-electrolysis-sres,,
Electrolyser,Electrolyser Shared RES Z2,,,Electrolyzers,SRES,P2G,,H2 Electrolysis,H2 Electrolysis SRES Z2,H2 Electrolysis SRES,,,,,,,,p2g,,,,,h2-electrolysis-sres,,
Electrolyser,Electrolyser Dedicated RES Z1,,,Electrolyzers,DRES,P2G,,H2 Electrolysis,H2 Electrolysis DRES Z1,H2 Electrolysis DRES,,,,,,,,p2g,,,,,h2-electrolysis-dres,,
Electrolyser,Electrolyser Dedicated RES Z2,,,Electrolyzers,DRES,P2G,,H2 Electrolysis,H2 Electrolysis DRES Z2,H2 Electrolysis DRES,,,,,,,,p2g,,,,,h2-electrolysis-dres,,
,,,,,Battery Storage discharge (gen.),Batteries,,battery,battery discharger,Battery Storage,battery,,,,,,,,,,,,battery discharger,,
,,,,,Battery Storage charge (load),,,battery,battery charger,Battery Storage,battery charge (load),,,,,,,,,,,,battery charger,,
,,,,,,,,home battery discharger,,Battery Storage Home,battery,,,,,,,,,,,,,,
,,,,,,,,home battery charger,,Battery Storage Home,battery charge (load),,,,,,,,,,,,,,
,,,,,,,ElectrochemicalStorage,battery,battery,Battery Storage,,,,,,,,,,,,,battery,,
,,,,,,,CompressedAirEnergyStorage,caes,caes,Compressed Air Energy Storage,,,,,,,,,,,,,caes,,Only used for CBA storage projects (no SB source; not part of the TYNDP scenarios)
Battery,Battery Residential Discharge,,,,Li-Ion Battery Capacity,Batteries,,battery,battery-prosumer discharger,Battery Storage Prosumer,battery,,,,,,,,,,,,battery-prosumer discharger,,
Battery,Battery Residential Charge,,,,,,,battery,battery-prosumer charger,Battery Storage Prosumer,battery charge (load),,,,,,,,,,,,battery-prosumer charger,,
Battery,Battery Residential Store,,,Batteries Prosumer,Li-Ion Battery Volume,,,battery,battery-prosumer,Battery Storage Prosumer,,,,,,,,,,,,,battery-prosumer,,
Battery,Battery Utility Scale Discharge,,,,Li-Ion Battery Capacity,Batteries,,battery,battery-utility discharger,Battery Storage Utility,battery,,,,,,,,,,,,battery-utility discharger,,
Battery,Battery Utility Scale Charge,,,,,,,battery,battery-utility charger,Battery Storage Utility,battery charge (load),,,,,,,,,,,,battery-utility charger,,
Battery,Battery Utility Scale Store,,,Batteries Utility,Li-Ion Battery Volume,,,battery,battery-utility,Battery Storage Utility,,,,,,,,,,,,,battery-utility,,
,,,,,Lignite biofuel,Biofuel,,,,,coal + other fossil (incl. biofuels),coal + other fossil (incl. biofuels),,,,,,,,,,,,,
,,,,,Hard Coal biofuel,Biofuel,,,,,coal + other fossil (incl. biofuels),coal + other fossil (incl. biofuels),,,,,,,,,,,,,
,,,,,Gas biofuel,,,,,,methane (incl. biofuels),methane (incl. biofuels),,,,,,,,,,,,,
,,,,,Oil shale biofuel,,,,,,oil (incl. biofuels),oil (incl. biofuels),,,,,,,,,,,,,
,,,,,Demand Side Response,,,dsr,,DSR,dsr,dsr,,,,,,dsr,,,,,,,
,,,,,,,,dsr,,DSR,dsr,dsr,,,,,,,,,,,,,
,,,,,Unserved energy [GWh],,,load,,Demand Shedding,demand shedding,demand shedding,,,,,,demand shedding,,,,loss of load expectation,,,"Load/Demand shedding, Demand shedding hours benchmark"
,,,,,Dump energy [GWh],,,,,,dumped energy,dumped energy,,,,,,,,,,,,,Curtailment/dump energy
,,,,,Native Demand,,,H2 exogenous demand,,H2 Exogenous Demand,,,,,,exogenous demand,,,,,,,,,Hydrogen demand benchmark
,,,,,Marginal Cost Yearly Average [€],,,,,,,,,,,,,,,,AC,,,,Prices benchmark
,,,,,Marginal Cost Yearly Average (excl. 3 000 €/MWh) [€],,,,,,,,,,,,,,,,AC,,,,Prices benchmark
,,,,,Marginal Cost Yearly Average [€/MWhH2],,,,,,,,,,,,,,,,H2,,,,Prices benchmark
,,,,,Marginal Cost Yearly Average (excl. 3 000 €/MWhH2) [€/MWhH2],,,,,,,,,,,,,,,,H2,,,,Prices benchmark
,,,,,,Electricity,,AC,,Electricity,,,electricity,,,,,,,,,,,,Final energy demand benchmark
,,,,,,Electricity,,AC_OH,,Electricity Offshore Hub,,,electricity,,,,,,,,,,,,Final energy demand benchmark
,,,,,,Electricity,,low voltage,,Electricity Low Voltage,,,electricity,,,,,,,,,,,,Final energy demand benchmark
,,,,,,Hydrogen,,H2,,Hydrogen,,,hydrogen,,,,,,,,,,,,Final energy demand benchmark
,,,,,,Methane,,exogenous gas demand,,Gas Exogenous Demand,,,methane,,,,,,,,,,,,Final energy demand benchmark
,,,,,,Biomass,,solid biomass,,Solid Biomass,,,biomass,,,,,,,,,,,,Final energy demand benchmark
,,,,,,Solids,,coal,,Coal,,,solids,,,,,,,,,,,,Final energy demand benchmark
,,,,,,Liquids,,oil,,Oil,,,liquids,,,,,,,,,,,,Final energy demand benchmark
,,,,,,,,oil refining,,Oil Refining,,,,,,,,,,,,,,,
,,,,,,Liquids,,kerosene for aviation,,Kerosene for Aviation,,,liquids,,,,,,,,,,,,Final energy demand benchmark
,,,,,,Liquids,,shipping oil,,Shipping Oil Demand,,,liquids,,,,,,,,,,,,Final energy demand benchmark
,,,,,,Liquids,,land transport oil,,Land Transport Oil Demand,,,liquids,,,,,,,,,,,,Final energy demand benchmark
,,,,,Native Demand,Native Demand,,electricity,,Electricity Exogenous Demand,,,,native demand,,,,,,,,,,,Electricity demand benchmark
,,,,,Fixed Demand,,,,,,,,,fixed demand,,,,,,,,,,,Electricity demand benchmark
,,,,,,,,electricity prosumer,,Electricity Prosumer Demand,,,,native demand,,,,,,,,,,,Electricity demand benchmark
,,,,,,,,electricity prosumer btm,,Electricity Prosumer BTM Demand,,,,fixed demand,,,,,,,,,,,Electricity demand benchmark
,,,,,,Final Energy Demand from ETM (excl. DH; HHPs),,H2 exogenous demand,,H2 Exogenous Demand,,,,,,exogenous demand,,,,,,,,,Hydrogen demand benchmark
,,,,,,For Electricity generation,,,,,,,,,,power generation,,,,,,,,,Hydrogen demand benchmark
,,,,,,For heat production (from DH incl. CHPs and HHPs),,,,,,,,,,heat production,,,,,,,,,Hydrogen demand benchmark
,,,,,,H2 Demand for P2L,,Fischer-Tropsch,,Fischer-Tropsch,,,,,,e-fuels,,,,,,,,,Hydrogen demand benchmark
,,,,,,H2 Demand for P2M,,Sabatier,,Sabatier,,,,,,e-fuels,,,,,,,,,Hydrogen demand benchmark
,,,,,,H2 Demand for P2L,,methanolisation,,Methanolisation,,,,,,e-fuels,,,,,,,,,Hydrogen demand benchmark
,,,,,,H2 for Ammonia production,,,,,,,,,,e-fuels,,,,,,,,,Hydrogen demand benchmark
,,,,,H2 to H2 power plants,,,,,,,,,,,power generation,,,,,,,,,Hydrogen demand benchmark
,,,,,H2 to eLiquids,,,,,,,,,,,e-fuels,,,,,,,,,Hydrogen demand benchmark
,,,,,H2 to sng,,,,,,,,,,,e-fuels,,,,,,,,,Hydrogen demand benchmark
,,,,,H2 Boiler (load),,,,,,,,,,,heat production,,,,,,,,,Hydrogen demand benchmark
,,,,,,Final Energy Demand  from ETM (excl. DH; HHPs),,exogenous gas demand,,Gas Exogenous Demand,,,,,exogenous demand,,,,,,,,,,Methane demand benchmark
,,,,,,For Electricity generation,,,,,,,,,power generation,,,,,,,,,,Methane demand benchmark
,,,,,,For heat production (from DH incl. CHPs and HHPs),,,,,,,,,heat production,,,,,,,,,,Methane demand benchmark
,,,,,,For SMR blue and pytolysis,,,,,,,,,smr (grey) and smr with ccs (blue),,,,,,,,,,Methane demand benchmark
,,,,,,For SMR grey,,,,,,,,,smr (grey) and smr with ccs (blue),,,,,,,,,,Methane demand benchmark
,,,,,Steam methane reformer,SMR,,SMR,,SMR (Grey Hydrogen),,,,,smr (grey) and smr with ccs (blue),,,smr (grey) and smr with ccs (blue),,,,,,,"Hydrogen supply benchmark, Methane demand benchmark, TYNDP market model doesn't distinguish between grey and blue SMR in the output files"
,,,,,Steam methane reformer,SMR+CCS,,SMR CC,,SMR (CCS) (Blue Hydrogen),,,,,smr (grey) and smr with ccs (blue),,,smr (grey) and smr with ccs (blue),,,,,,,"Hydrogen supply benchmark, Methane demand benchmark, TYNDP market model doesn't distinguish between grey and blue SMR in the output files"
,,,,,,Pyrolysis,,,,,,,,,,,,smr (grey) and smr with ccs (blue),,,,,,,Hydrogen supply benchmark
,,,,,,Extra EU H2 imports (Pipelines),,H2 import Pipeline,,H2 Import Pipeline,,,,,,,,imports (renewable & low carbon),,,,,,,Hydrogen supply benchmark
,,,,,,Extra EU H2 imports (Ammonia via ship),,H2 import LH2,,H2 Import LH2,,,,,,,,ammonia imports,,,,,,,Hydrogen supply benchmark
,,,,,,Biomethane and Biogas (Domestic gas production),,biogas to gas,,Biogas to Gas,,,,,,,biomethane (domestic),,,,,,,,Methane supply benchmark
,,,,,,Biomethane (Imports),,,,,,,,,,,biomethane (import),,,,,,,,Methane supply benchmark
,,,,,,Methane (Domestic gas production),,,,,,,,,,,natural gas (domestic),,,,,,,,Methane supply benchmark
,,,,,,Methane (Imports),,gas,,Gas Primary,,,,,,,natural gas (import),,,,,,,,Methane supply benchmark
,,,,,,P2Methane (Domestic gas production),,Sabatier,,Sabatier,,,,,,,synthetic methane (domestic),,,,,,,,Methane supply benchmark
,,,,,,P2Methane (Imports),,,,,,,,,,,synthetic methane (import),,,,,,,,Methane supply benchmark
,,,,,,Final Energy Demand,,biomass final energy demand,,Biomass Final Energy Demand,,,,,,,,,final demand,,,,,,Biomass supply benchmark
,,,,,,For heat production,,,,,,,,,,,,,final demand,,,,,,Biomass supply benchmark
,,,,,,For Electricity Generation,,,,,,,,,,,,,for electricity,,,,,,Biomass supply benchmark
,,,,,,For biomethane production,,biogas,,Biogas,,,,,,,,,for biomethane,,,,,,Biomass supply benchmark
,,,,,,For bioliquids,,biomass to liquid,,Biomass to Liquid,,,,,,,,,for biofuels,,,,,,Biomass supply benchmark
,,,,,,For bioliquids,,biomass to liquid CC,,Biomass to Liquid (CCS),,,,,,,,,for biofuels,,,,,,Biomass supply benchmark
,,,,,,Methane,,gas,,Gas Primary,,,,,,,,,,methane,,,,,Energy imports benchmark
,,,,,,Ammonia,,H2 import LH2,,H2 Import LH2,,,,,,,,,,hydrogen,,,,,Energy imports benchmark
,,,,,,Hydrogen,,H2 import Pipeline,,H2 Import Pipeline,,,,,,,,,,hydrogen,,,,,Energy imports benchmark
,,,,,,Liquids,,oil primary,,Oil Primary,,,,,,,,,,liquids,,,,,Energy imports benchmark
,,,,,,Solids,,coal,,Coal Primary,,,,,,,,,,solids,,,,,Energy imports benchmark
,,,,,,Solids,,lignite,,Lignite Primary,,,,,,,,,,solids,,,,,Energy imports benchmark
,,,,,,,,electricity distribution grid,,Electricity Distribution Grid,,,,,,,,,,,,,,,
,,,,,,,,DC,,Electricity Transmission,,,,,,,,,,,,,,,
,,,,,,,,DC_OH,,Offshore Hub Transmission,,,,,,,,,,,,,,,
,,,,,,,,H2 cavern-storage charger,,H2 Cavern Storage Bicharger,,,,,,,,,,,,,,,
,,,,,,,,H2 cavern-storage discharger,,H2 Cavern Storage Bicharger,,,,,,,,,,,,,,,
,,,,,,,,H2 cavern-storage,,H2 Cavern Storage,,,,,,,,,,,,,,,
,,,,,,,,H2,,Hydrogen,,,,,,,,,,,,,,,
,,,,,,,,H2_OH,,Hydrogen Offshore Hub,,,,,,,,,,,,,,,
